label_ID,x_nm,y_nm,oligomer_ID
1,-131.78,5665.9,147
2,-131.78,5665.9,147
3,-114.56,5619,147
4,-114.56,5619,147
5,-91.561,5210.7,148
6,-91.561,5210.7,148
7,-84.831,5683.2,147
8,-84.831,5683.2,147
9,-67.619,5636.2,147
10,-67.619,5636.2,147
11,-62.69,5169.9,148
12,-62.69,5169.9,148
13,-50.738,5239.6,148
14,-50.738,5239.6,148
15,-43.971,4900.2,34
16,-43.971,4900.2,34
17,-21.867,5198.8,148
18,-21.867,5198.8,148
19,-19.963,4856.3,34
20,-19.963,4856.3,34
21,-0.11228,4924.2,34
22,-0.11228,4924.2,34
23,23.896,4880.3,34
24,23.896,4880.3,34
25,54.457,3451.4,27
26,54.457,3451.4,27
27,77.92,3407.3,27
28,77.92,3407.3,27
29,98.61,3474.9,27
30,98.61,3474.9,27
31,105.6,9765.6,220
32,105.6,9765.6,220
33,116.44,9814.4,220
34,116.44,9814.4,220
35,122.07,3430.8,27
36,122.07,3430.8,27
37,154.42,9754.7,220
38,154.42,9754.7,220
39,165.25,9803.6,220
40,165.25,9803.6,220
41,172.95,8.5265,121
42,172.95,8.5265,121
43,193.35,54.178,121
44,193.35,54.178,121
45,218.61,-11.867,121
46,218.61,-11.867,121
47,239,33.785,121
48,239,33.785,121
49,242.08,1513.3,225
50,242.08,1513.3,225
51,275.78,1476.4,225
52,275.78,1476.4,225
53,279.02,1547,225
54,279.02,1547,225
55,312.72,1510.1,225
56,312.72,1510.1,225
57,351.51,4135.8,98
58,351.51,4135.8,98
59,386.18,4171.9,98
60,386.18,4171.9,98
61,387.55,4101.2,98
62,387.55,4101.2,98
63,408.46,8250.2,23
64,408.46,8250.2,23
65,417.14,8299.4,23
66,417.14,8299.4,23
67,422.21,4137.2,98
68,422.21,4137.2,98
69,457.7,8241.5,23
70,457.7,8241.5,23
71,466.38,8290.7,23
72,466.38,8290.7,23
73,495.74,4437.7,75
74,495.74,4437.7,75
75,517.95,1127,184
76,517.95,1127,184
77,527.48,6116.4,47
78,527.48,6116.4,47
79,528.6,4400,75
80,528.6,4400,75
81,533.42,4470.6,75
82,533.42,4470.6,75
83,540.49,6341.2,43
84,540.49,6341.2,43
85,543.98,6291.3,43
86,543.98,6291.3,43
87,544.88,5162.3,3
88,544.88,5162.3,3
89,550.55,6723.9,44
90,550.55,6723.9,44
91,551.05,1164.5,184
92,551.05,1164.5,184
93,554.26,5211.4,3
94,554.26,5211.4,3
95,555.43,1093.9,184
96,555.43,1093.9,184
97,558.05,581.76,153
98,558.05,581.76,153
99,559.65,6078.1,47
100,559.65,6078.1,47
101,565.75,6148.5,47
102,565.75,6148.5,47
103,566.29,4432.9,75
104,566.29,4432.9,75
105,583.18,6686,44
106,583.18,6686,44
107,588.43,6756.5,44
108,588.43,6756.5,44
109,588.53,1131.4,184
110,588.53,1131.4,184
111,589.47,542.87,153
112,589.47,542.87,153
113,590.37,6344.7,43
114,590.37,6344.7,43
115,593.86,6294.8,43
116,593.86,6294.8,43
117,593.99,5152.9,3
118,593.99,5152.9,3
119,596.94,613.18,153
120,596.94,613.18,153
121,597.92,6110.3,47
122,597.92,6110.3,47
123,603.37,5202,3
124,603.37,5202,3
125,621.06,6718.6,44
126,621.06,6718.6,44
127,623.33,398.64,171
128,623.33,398.64,171
129,628.36,574.29,153
130,628.36,574.29,153
131,654.09,8976.3,52
132,654.09,8976.3,52
133,657.81,434.85,171
134,657.81,434.85,171
135,659.54,364.16,171
136,659.54,364.16,171
137,668.35,6818,162
138,668.35,6818,162
139,684.77,6865.2,162
140,684.77,6865.2,162
141,684.82,9015.7,52
142,684.82,9015.7,52
143,684.82,6170.7,18
144,684.82,6170.7,18
145,693.54,8945.6,52
146,693.54,8945.6,52
147,694.02,400.37,171
148,694.02,400.37,171
149,706.13,6216,18
150,706.13,6216,18
151,715.58,6801.6,162
152,715.58,6801.6,162
153,724.26,8985,52
154,724.26,8985,52
155,726.31,5659.3,238
156,726.31,5659.3,238
157,730.06,6149.4,18
158,730.06,6149.4,18
159,732,6848.8,162
160,732,6848.8,162
161,737.06,-56.778,196
162,737.06,-56.778,196
163,741.76,5611.7,238
164,741.76,5611.7,238
165,751.36,6194.6,18
166,751.36,6194.6,18
167,758.66,-11.686,196
168,758.66,-11.686,196
169,773.87,5674.7,238
170,773.87,5674.7,238
171,782.15,-78.382,196
172,782.15,-78.382,196
173,789.32,5627.2,238
174,789.32,5627.2,238
175,803.75,-33.29,196
176,803.75,-33.29,196
177,827.58,2243.2,164
178,827.58,2243.2,164
179,832.8,2193.5,164
180,832.8,2193.5,164
181,864.72,9446.8,115
182,864.72,9446.8,115
183,877.31,2248.4,164
184,877.31,2248.4,164
185,882.52,2198.7,164
186,882.52,2198.7,164
187,885.01,9401.1,115
188,885.01,9401.1,115
189,895.8,5217.5,100
190,895.8,5217.5,100
191,910.41,9467.1,115
192,910.41,9467.1,115
193,912.98,5170.5,100
194,912.98,5170.5,100
195,917.6,2739.3,130
196,917.6,2739.3,130
197,930.71,9421.4,115
198,930.71,9421.4,115
199,930.78,2787.5,130
200,930.78,2787.5,130
201,942.75,5234.6,100
202,942.75,5234.6,100
203,959.93,5187.7,100
204,959.93,5187.7,100
205,965.83,2726.1,130
206,965.83,2726.1,130
207,979.01,2774.3,130
208,979.01,2774.3,130
209,1062.3,2845.4,79
210,1062.3,2845.4,79
211,1090,8678.2,7
212,1090,8678.2,7
213,1094.1,8628.4,7
214,1094.1,8628.4,7
215,1095,2883.1,79
216,1095,2883.1,79
217,1100,2812.6,79
218,1100,2812.6,79
219,1132.8,2850.3,79
220,1132.8,2850.3,79
221,1139.8,8682.3,7
222,1139.8,8682.3,7
223,1143.9,8632.5,7
224,1143.9,8632.5,7
225,1249.3,6663.2,198
226,1249.3,6663.2,198
227,1263.3,6615.2,198
228,1263.3,6615.2,198
229,1297.3,6677.2,198
230,1297.3,6677.2,198
231,1311.3,6629.2,198
232,1311.3,6629.2,198
233,1392,8824,36
234,1392,8824,36
235,1406.3,8776.1,36
236,1406.3,8776.1,36
237,1439.9,8838.4,36
238,1439.9,8838.4,36
239,1442.1,9126.4,129
240,1442.1,9126.4,129
241,1454.2,8790.5,36
242,1454.2,8790.5,36
243,1469.3,9168.3,129
244,1469.3,9168.3,129
245,1484.1,9099.2,129
246,1484.1,9099.2,129
247,1507.9,6069.2,187
248,1507.9,6069.2,187
249,1511.3,9141.1,129
250,1511.3,9141.1,129
251,1520,6117.8,187
252,1520,6117.8,187
253,1556.4,6057.2,187
254,1556.4,6057.2,187
255,1568.5,6105.7,187
256,1568.5,6105.7,187
257,1625.8,4239.2,226
258,1625.8,4239.2,226
259,1640.6,4191.4,226
260,1640.6,4191.4,226
261,1673.5,4254,226
262,1673.5,4254,226
263,1688.3,4206.2,226
264,1688.3,4206.2,226
265,1715.4,9866,124
266,1715.4,9866,124
267,1724.8,9915.1,124
268,1724.8,9915.1,124
269,1734.5,6969.2,51
270,1734.5,6969.2,51
271,1735,7019.2,51
272,1735,7019.2,51
273,1741.8,3332.2,101
274,1741.8,3332.2,101
275,1763.2,3287,101
276,1763.2,3287,101
277,1764.5,9856.6,124
278,1764.5,9856.6,124
279,1773.9,9905.7,124
280,1773.9,9905.7,124
281,1784.5,6968.8,51
282,1784.5,6968.8,51
283,1785,7018.8,51
284,1785,7018.8,51
285,1787,3353.6,101
286,1787,3353.6,101
287,1808.4,3308.4,101
288,1808.4,3308.4,101
289,1851,3624.4,88
290,1851,3624.4,88
291,1865.3,3576.4,88
292,1865.3,3576.4,88
293,1868.1,5842.8,114
294,1868.1,5842.8,114
295,1887,3200.7,107
296,1887,3200.7,107
297,1897.1,5883.6,114
298,1897.1,5883.6,114
299,1898.9,3638.6,88
300,1898.9,3638.6,88
301,1908.9,5813.9,114
302,1908.9,5813.9,114
303,1913.2,3590.7,88
304,1913.2,3590.7,88
305,1918.8,6945.4,221
306,1918.8,6945.4,221
307,1919.9,3163,107
308,1919.9,3163,107
309,1924.6,3233.6,107
310,1924.6,3233.6,107
311,1937.4,6899,221
312,1937.4,6899,221
313,1937.9,5854.6,114
314,1937.9,5854.6,114
315,1957.6,3196,107
316,1957.6,3196,107
317,1965.3,6964,221
318,1965.3,6964,221
319,1983.8,6917.5,221
320,1983.8,6917.5,221
321,1997.5,7810.5,247
322,1997.5,7810.5,247
323,2010.5,5747.5,96
324,2010.5,5747.5,96
325,2011.7,7858.4,247
326,2011.7,7858.4,247
327,2035,5703.9,96
328,2035,5703.9,96
329,2036.8,3912,131
330,2036.8,3912,131
331,2045.5,7796.3,247
332,2045.5,7796.3,247
333,2053.1,3864.8,131
334,2053.1,3864.8,131
335,2054.1,5771.9,96
336,2054.1,5771.9,96
337,2059.7,7844.2,247
338,2059.7,7844.2,247
339,2078.6,5728.4,96
340,2078.6,5728.4,96
341,2084,3928.4,131
342,2084,3928.4,131
343,2092.1,578.81,118
344,2092.1,578.81,118
345,2100.4,3881.1,131
346,2100.4,3881.1,131
347,2111.3,3101.6,83
348,2111.3,3101.6,83
349,2124.9,541.09,118
350,2124.9,541.09,118
351,2129.8,611.64,118
352,2129.8,611.64,118
353,2138.4,3143.6,83
354,2138.4,3143.6,83
355,2143.7,6603.7,33
356,2143.7,6603.7,33
357,2153.3,3074.5,83
358,2153.3,3074.5,83
359,2162.6,573.92,118
360,2162.6,573.92,118
361,2167.3,2441.4,210
362,2167.3,2441.4,210
363,2176.8,6566.2,33
364,2176.8,6566.2,33
365,2180.4,3116.5,83
366,2180.4,3116.5,83
367,2181.3,6636.7,33
368,2181.3,6636.7,33
369,2195.1,2394.3,182
370,2195.1,2394.3,182
371,2202.6,2476.8,210
372,2202.6,2476.8,210
373,2202.8,2406.1,210
374,2202.8,2406.1,210
375,2209,35.373,250
376,2209,35.373,250
377,2214.3,6599.2,33
378,2214.3,6599.2,33
379,2219.1,2350.4,182
380,2219.1,2350.4,182
381,2219.2,-13.576,250
382,2219.2,-13.576,250
383,2238,2441.6,210
384,2238,2441.6,210
385,2238.9,2418.3,182
386,2238.9,2418.3,182
387,2245.3,348.3,224
388,2245.3,348.3,224
389,2252.3,397.82,224
390,2252.3,397.82,224
391,2257.9,45.571,250
392,2257.9,45.571,250
393,2262.9,2374.4,182
394,2262.9,2374.4,182
395,2268.1,-3.3777,250
396,2268.1,-3.3777,250
397,2294.9,341.37,224
398,2294.9,341.37,224
399,2301.8,390.89,224
400,2301.8,390.89,224
401,2380,7241.1,185
402,2380,7241.1,185
403,2395.5,7288.7,185
404,2395.5,7288.7,185
405,2399.4,2101,169
406,2399.4,2101,169
407,2400.5,2051,169
408,2400.5,2051,169
409,2406,399.46,12
410,2406,399.46,12
411,2427.5,7225.6,185
412,2427.5,7225.6,185
413,2434.9,1271.5,217
414,2434.9,1271.5,217
415,2436.2,359.65,12
416,2436.2,359.65,12
417,2439.2,9360,61
418,2439.2,9360,61
419,2443,7273.1,185
420,2443,7273.1,185
421,2445.8,429.71,12
422,2445.8,429.71,12
423,2449.4,2102.1,169
424,2449.4,2102.1,169
425,2449.5,1319.3,217
426,2449.5,1319.3,217
427,2450.4,2052.1,169
428,2450.4,2052.1,169
429,2458,9313.7,61
430,2458,9313.7,61
431,2459.4,3534.8,13
432,2459.4,3534.8,13
433,2476,389.9,12
434,2476,389.9,12
435,2482.7,1256.8,217
436,2482.7,1256.8,217
437,2485,4658.8,38
438,2485,4658.8,38
439,2485.6,9378.8,61
440,2485.6,9378.8,61
441,2486.8,3493,13
442,2486.8,3493,13
443,2497.4,1304.6,217
444,2497.4,1304.6,217
445,2501.3,3562.2,13
446,2501.3,3562.2,13
447,2504.4,9332.4,61
448,2504.4,9332.4,61
449,2505.9,4704.3,38
450,2505.9,4704.3,38
451,2528.6,3520.3,13
452,2528.6,3520.3,13
453,2530.5,4638,38
454,2530.5,4638,38
455,2543.9,2239.4,122
456,2543.9,2239.4,122
457,2551.3,4683.4,38
458,2551.3,4683.4,38
459,2554.2,5047.8,163
460,2554.2,5047.8,163
461,2567.5,2195.3,122
462,2567.5,2195.3,122
463,2587.3,5010.2,163
464,2587.3,5010.2,163
465,2588,2262.9,122
466,2588,2262.9,122
467,2591.7,5080.8,163
468,2591.7,5080.8,163
469,2611.6,2218.8,122
470,2611.6,2218.8,122
471,2624.8,5043.3,163
472,2624.8,5043.3,163
473,2650.7,65.12,136
474,2650.7,65.12,136
475,2651.5,823.4,144
476,2651.5,823.4,144
477,2656,773.6,144
478,2656,773.6,144
479,2673.8,109.48,136
480,2673.8,109.48,136
481,2695.1,42.053,136
482,2695.1,42.053,136
483,2701.3,827.85,144
484,2701.3,827.85,144
485,2705.8,778.05,144
486,2705.8,778.05,144
487,2718.2,86.414,136
488,2718.2,86.414,136
489,2725,1488,213
490,2725,1488,213
491,2743,1534.7,213
492,2743,1534.7,213
493,2771.6,1470,213
494,2771.6,1470,213
495,2789.6,1516.6,213
496,2789.6,1516.6,213
497,2794.6,2424.5,37
498,2794.6,2424.5,37
499,2827.6,2387,37
500,2827.6,2387,37
501,2832.1,2457.5,37
502,2832.1,2457.5,37
503,2858.1,8797.2,230
504,2858.1,8797.2,230
505,2865.2,2420,37
506,2865.2,2420,37
507,2868.1,8846.1,230
508,2868.1,8846.1,230
509,2907.1,8787.1,230
510,2907.1,8787.1,230
511,2916.4,7599.3,248
512,2916.4,7599.3,248
513,2917.1,8836.1,230
514,2917.1,8836.1,230
515,2944.4,3598.3,17
516,2944.4,3598.3,17
517,2949.9,7636.4,248
518,2949.9,7636.4,248
519,2952.9,3647.6,17
520,2952.9,3647.6,17
521,2953.5,7565.8,248
522,2953.5,7565.8,248
523,2987,7602.9,248
524,2987,7602.9,248
525,2993.3,4368.4,215
526,2993.3,4368.4,215
527,2993.7,3589.9,17
528,2993.7,3589.9,17
529,2998.2,1783.4,22
530,2998.2,1783.4,22
531,2999,4732.6,2
532,2999,4732.6,2
533,3002.2,3639.2,17
534,3002.2,3639.2,17
535,3021.8,4409.5,215
536,3021.8,4409.5,215
537,3027.7,4691.7,2
538,3027.7,4691.7,2
539,3031.1,1821,22
540,3031.1,1821,22
541,3034.3,4339.8,215
542,3034.3,4339.8,215
543,3035.7,1750.4,22
544,3035.7,1750.4,22
545,3039.9,4761.3,2
546,3039.9,4761.3,2
547,3056.2,7584,204
548,3056.2,7584,204
549,3062.9,4380.9,215
550,3062.9,4380.9,215
551,3063.7,6444.9,46
552,3063.7,6444.9,46
553,3066.6,6494.8,46
554,3066.6,6494.8,46
555,3068.6,4720.4,2
556,3068.6,4720.4,2
557,3068.7,1788,22
558,3068.7,1788,22
559,3075.5,7537.9,204
560,3075.5,7537.9,204
561,3088.4,6733.6,141
562,3088.4,6733.6,141
563,3102.3,7603.3,204
564,3102.3,7603.3,204
565,3104.1,6686.2,141
566,3104.1,6686.2,141
567,3113.6,6442,46
568,3113.6,6442,46
569,3116.5,6492,46
570,3116.5,6492,46
571,3121.6,7557.2,204
572,3121.6,7557.2,204
573,3131.8,1271.3,24
574,3131.8,1271.3,24
575,3135.8,6749.4,141
576,3135.8,6749.4,141
577,3136.3,1321.1,24
578,3136.3,1321.1,24
579,3150.3,1342.4,69
580,3150.3,1342.4,69
581,3151.6,6701.9,141
582,3151.6,6701.9,141
583,3177.8,1300.7,69
584,3177.8,1300.7,69
585,3181.6,1266.9,24
586,3181.6,1266.9,24
587,3185,4216.9,207
588,3185,4216.9,207
589,3186.1,1316.7,24
590,3186.1,1316.7,24
591,3192,1370,69
592,3192,1370,69
593,3208.3,4261.1,207
594,3208.3,4261.1,207
595,3219.5,1328.2,69
596,3219.5,1328.2,69
597,3229.2,4193.6,207
598,3229.2,4193.6,207
599,3251.2,5336.1,117
600,3251.2,5336.1,117
601,3252.5,4237.8,207
602,3252.5,4237.8,207
603,3268.1,8453.7,161
604,3268.1,8453.7,161
605,3283.2,5297.6,117
606,3283.2,5297.6,117
607,3289.7,5368,117
608,3289.7,5368,117
609,3301.8,8490.7,161
610,3301.8,8490.7,161
611,3305.1,8420,161
612,3305.1,8420,161
613,3321.6,5329.6,117
614,3321.6,5329.6,117
615,3338.8,8457,161
616,3338.8,8457,161
617,3391.1,3870.6,77
618,3391.1,3870.6,77
619,3400.2,3000.2,231
620,3400.2,3000.2,231
621,3403.6,3919.1,77
622,3403.6,3919.1,77
623,3407.1,322.81,73
624,3407.1,322.81,73
625,3413.3,3074.1,58
626,3413.3,3074.1,58
627,3415.1,2952.5,231
628,3415.1,2952.5,231
629,3426.3,3025.8,58
630,3426.3,3025.8,58
631,3428.8,367.88,73
632,3428.8,367.88,73
633,3439.6,3858.2,77
634,3439.6,3858.2,77
635,3448,3015.1,231
636,3448,3015.1,231
637,3452,3906.6,77
638,3452,3906.6,77
639,3452.2,301.15,73
640,3452.2,301.15,73
641,3461.6,3087.1,58
642,3461.6,3087.1,58
643,3462.8,2967.3,231
644,3462.8,2967.3,231
645,3473.8,346.22,73
646,3473.8,346.22,73
647,3474.6,3038.8,58
648,3474.6,3038.8,58
649,3486.8,7209.2,123
650,3486.8,7209.2,123
651,3489.5,7259.1,123
652,3489.5,7259.1,123
653,3515.2,5117.4,191
654,3515.2,5117.4,191
655,3535.3,2983.8,35
656,3535.3,2983.8,35
657,3536.7,7206.5,123
658,3536.7,7206.5,123
659,3539.4,7256.5,123
660,3539.4,7256.5,123
661,3544.5,5158,191
662,3544.5,5158,191
663,3552.3,3030.8,35
664,3552.3,3030.8,35
665,3555.1,1095.1,172
666,3555.1,1095.1,172
667,3555.7,5088.1,191
668,3555.7,5088.1,191
669,3582.4,2966.9,35
670,3582.4,2966.9,35
671,3583.1,1136.5,172
672,3583.1,1136.5,172
673,3585,5128.6,191
674,3585,5128.6,191
675,3596.5,1067.1,172
676,3596.5,1067.1,172
677,3599.3,3013.9,35
678,3599.3,3013.9,35
679,3624.5,1108.4,172
680,3624.5,1108.4,172
681,3624.8,3801.3,186
682,3624.8,3801.3,186
683,3625.3,3851.3,186
684,3625.3,3851.3,186
685,3631.6,2585.3,178
686,3631.6,2585.3,178
687,3647.1,2632.8,178
688,3647.1,2632.8,178
689,3674.8,3800.8,186
690,3674.8,3800.8,186
691,3675.2,6362.6,232
692,3675.2,6362.6,232
693,3675.3,3850.8,186
694,3675.3,3850.8,186
695,3679.1,2569.8,178
696,3679.1,2569.8,178
697,3679.4,2083,202
698,3679.4,2083,202
699,3689,4688.7,137
700,3689,4688.7,137
701,3694.7,2617.3,178
702,3694.7,2617.3,178
703,3699,6318.6,232
704,3699,6318.6,232
705,3705,2040.1,202
706,3705,2040.1,202
707,3715,4646,137
708,3715,4646,137
709,3719.2,6386.3,232
710,3719.2,6386.3,232
711,3722.3,2108.6,202
712,3722.3,2108.6,202
713,3731.6,4714.8,137
714,3731.6,4714.8,137
715,3743,6342.4,232
716,3743,6342.4,232
717,3747.9,2065.7,202
718,3747.9,2065.7,202
719,3757.7,4672.1,137
720,3757.7,4672.1,137
721,3770.8,7707.2,99
722,3770.8,7707.2,99
723,3775.7,7756.9,99
724,3775.7,7756.9,99
725,3816.2,7329.7,160
726,3816.2,7329.7,160
727,3820.6,7702.3,99
728,3820.6,7702.3,99
729,3824.4,2965.6,155
730,3824.4,2965.6,155
731,3825.4,7752.1,99
732,3825.4,7752.1,99
733,3832.5,3014.9,155
734,3832.5,3014.9,155
735,3840.2,7373.6,160
736,3840.2,7373.6,160
737,3845.3,7902.4,209
738,3845.3,7902.4,209
739,3860.1,7305.7,160
740,3860.1,7305.7,160
741,3861.7,7949.6,209
742,3861.7,7949.6,209
743,3873.8,2957.5,155
744,3873.8,2957.5,155
745,3881.8,3006.9,155
746,3881.8,3006.9,155
747,3884.1,7349.5,160
748,3884.1,7349.5,160
749,3892.5,7885.9,209
750,3892.5,7885.9,209
751,3900,8955.2,208
752,3900,8955.2,208
753,3908.9,7933.1,209
754,3908.9,7933.1,209
755,3919.7,8909.2,208
756,3919.7,8909.2,208
757,3946,8974.8,208
758,3946,8974.8,208
759,3965.6,8928.8,208
760,3965.6,8928.8,208
761,4040.1,10107,175
762,4040.1,10107,175
763,4052.3,10058,175
764,4052.3,10058,175
765,4063.6,6873,80
766,4063.6,6873,80
767,4073.2,6922.1,80
768,4073.2,6922.1,80
769,4088.6,10119,175
770,4088.6,10119,175
771,4100.8,10070,175
772,4100.8,10070,175
773,4112.6,6863.4,80
774,4112.6,6863.4,80
775,4114.6,4051.4,133
776,4114.6,4051.4,133
777,4122.3,6912.5,80
778,4122.3,6912.5,80
779,4122.9,4100.7,133
780,4122.9,4100.7,133
781,4163.9,4043.1,133
782,4163.9,4043.1,133
783,4172.2,4092.4,133
784,4172.2,4092.4,133
785,4186.8,5081,142
786,4186.8,5081,142
787,4199.5,5129.3,142
788,4199.5,5129.3,142
789,4235.1,5068.3,142
790,4235.1,5068.3,142
791,4247.9,5116.6,142
792,4247.9,5116.6,142
793,4255.6,4223,87
794,4255.6,4223,87
795,4276.2,4514.8,64
796,4276.2,4514.8,64
797,4282.4,1524.8,152
798,4282.4,1524.8,152
799,4289,4260.2,87
800,4289,4260.2,87
801,4292.8,4189.6,87
802,4292.8,4189.6,87
803,4307.4,4475.7,64
804,4307.4,4475.7,64
805,4312.1,1484.5,152
806,4312.1,1484.5,152
807,4315.2,4546,64
808,4315.2,4546,64
809,4322.7,1554.5,152
810,4322.7,1554.5,152
811,4326.2,4226.8,87
812,4326.2,4226.8,87
813,4343.7,6883.5,240
814,4343.7,6883.5,240
815,4346.4,4506.9,64
816,4346.4,4506.9,64
817,4352.3,1514.2,152
818,4352.3,1514.2,152
819,4359.4,6836,240
820,4359.4,6836,240
821,4377.7,1973.8,199
822,4377.7,1973.8,199
823,4388.2,2022.7,199
824,4388.2,2022.7,199
825,4391.2,6899.2,240
826,4391.2,6899.2,240
827,4395.3,1307.1,102
828,4395.3,1307.1,102
829,4406.8,6851.7,240
830,4406.8,6851.7,240
831,4413.1,9413.9,189
832,4413.1,9413.9,189
833,4414.9,9364,189
834,4414.9,9364,189
835,4426.5,1268,102
836,4426.5,1268,102
837,4426.6,1963.3,199
838,4426.6,1963.3,199
839,4434.4,1338.3,102
840,4434.4,1338.3,102
841,4437.1,2012.2,199
842,4437.1,2012.2,199
843,4457,592.02,45
844,4457,592.02,45
845,4463.1,9415.7,189
846,4463.1,9415.7,189
847,4464.9,9365.7,189
848,4464.9,9365.7,189
849,4465.6,1299.2,102
850,4465.6,1299.2,102
851,4486.8,551.87,45
852,4486.8,551.87,45
853,4497.1,621.81,45
854,4497.1,621.81,45
855,4520.2,5676.2,32
856,4520.2,5676.2,32
857,4526.9,581.66,45
858,4526.9,581.66,45
859,4531.6,8586.2,30
860,4531.6,8586.2,30
861,4532.7,8636.2,30
862,4532.7,8636.2,30
863,4539.1,5722.5,32
864,4539.1,5722.5,32
865,4549.3,5633.5,195
866,4549.3,5633.5,195
867,4566.5,5657.3,32
868,4566.5,5657.3,32
869,4578,5674.5,195
870,4578,5674.5,195
871,4581.6,8585.1,30
872,4581.6,8585.1,30
873,4582.7,8635.1,30
874,4582.7,8635.1,30
875,4585.4,5703.6,32
876,4585.4,5703.6,32
877,4590.3,5604.9,195
878,4590.3,5604.9,195
879,4619,5645.8,195
880,4619,5645.8,195
881,4681.4,6666.9,25
882,4681.4,6666.9,25
883,4707.1,6624,25
884,4707.1,6624,25
885,4720.5,1551.2,179
886,4720.5,1551.2,179
887,4724.3,6692.6,25
888,4724.3,6692.6,25
889,4739.4,660.08,145
890,4739.4,660.08,145
891,4746,7876.4,235
892,4746,7876.4,235
893,4747.6,7926.4,235
894,4747.6,7926.4,235
895,4748.7,1509.9,179
896,4748.7,1509.9,179
897,4750,6649.8,25
898,4750,6649.8,25
899,4757,706.88,145
900,4757,706.88,145
901,4761.8,1579.3,179
902,4761.8,1579.3,179
903,4786.2,642.47,145
904,4786.2,642.47,145
905,4790,1538,179
906,4790,1538,179
907,4795.9,7874.8,235
908,4795.9,7874.8,235
909,4797.6,7924.7,235
910,4797.6,7924.7,235
911,4803.8,689.27,145
912,4803.8,689.27,145
913,5018.8,2887.8,214
914,5018.8,2887.8,214
915,5021.7,2837.9,214
916,5021.7,2837.9,214
917,5068.8,2890.6,214
918,5068.8,2890.6,214
919,5071.6,2840.7,214
920,5071.6,2840.7,214
921,5088.4,9306.1,116
922,5088.4,9306.1,116
923,5093.4,9355.8,116
924,5093.4,9355.8,116
925,5111.7,8470.5,120
926,5111.7,8470.5,120
927,5125.4,8518.6,120
928,5125.4,8518.6,120
929,5138.1,9301,116
930,5138.1,9301,116
931,5143.2,9350.7,116
932,5143.2,9350.7,116
933,5143.7,2351.3,239
934,5143.7,2351.3,239
935,5159.8,8456.8,120
936,5159.8,8456.8,120
937,5160.9,2398.3,239
938,5160.9,2398.3,239
939,5173.5,8504.8,120
940,5173.5,8504.8,120
941,5190.7,2334.2,239
942,5190.7,2334.2,239
943,5207.9,2381.1,239
944,5207.9,2381.1,239
945,5223.4,7184.1,21
946,5223.4,7184.1,21
947,5237.1,3023.1,63
948,5237.1,3023.1,63
949,5239.1,3997.1,26
950,5239.1,3997.1,26
951,5242.7,7138,21
952,5242.7,7138,21
953,5247.4,4046.4,26
954,5247.4,4046.4,26
955,5251.6,9495.3,156
956,5251.6,9495.3,156
957,5260.4,9446.1,156
958,5260.4,9446.1,156
959,5267,2983,63
960,5267,2983,63
961,5269.5,7203.4,21
962,5269.5,7203.4,21
963,5277.2,3052.9,63
964,5277.2,3052.9,63
965,5288.3,3988.7,26
966,5288.3,3988.7,26
967,5288.8,7157.3,21
968,5288.8,7157.3,21
969,5296.7,4038,26
970,5296.7,4038,26
971,5300.8,9504.1,156
972,5300.8,9504.1,156
973,5307.1,3012.8,63
974,5307.1,3012.8,63
975,5309.6,9454.9,156
976,5309.6,9454.9,156
977,5360.3,8359,91
978,5360.3,8359,91
979,5365.7,955.88,20
980,5365.7,955.88,20
981,5377.5,8405.9,91
982,5377.5,8405.9,91
983,5394.5,996.81,20
984,5394.5,996.81,20
985,5399.8,5797.1,194
986,5399.8,5797.1,194
987,5402.9,5747.2,194
988,5402.9,5747.2,194
989,5406.7,927.16,20
990,5406.7,927.16,20
991,5407.2,8341.7,91
992,5407.2,8341.7,91
993,5424.5,8388.6,91
994,5424.5,8388.6,91
995,5431.4,4539.9,243
996,5431.4,4539.9,243
997,5435.4,968.09,20
998,5435.4,968.09,20
999,5436.6,4721.1,158
1000,5436.6,4721.1,158
1001,5449.5,4586.5,243
1002,5449.5,4586.5,243
1003,5449.7,5800.2,194
1004,5449.7,5800.2,194
1005,5452.8,5750.3,194
1006,5452.8,5750.3,194
1007,5468.9,4682.9,158
1008,5468.9,4682.9,158
1009,5474.8,4753.4,158
1010,5474.8,4753.4,158
1011,5477.9,4521.7,243
1012,5477.9,4521.7,243
1013,5496.1,4568.3,243
1014,5496.1,4568.3,243
1015,5507.1,4715.2,158
1016,5507.1,4715.2,158
1017,5510.1,2570.2,170
1018,5510.1,2570.2,170
1019,5532.7,2525.6,170
1020,5532.7,2525.6,170
1021,5542.9,3428.7,97
1022,5542.9,3428.7,97
1023,5550.6,5540.2,62
1024,5550.6,5540.2,62
1025,5553.6,3477.6,97
1026,5553.6,3477.6,97
1027,5554.7,2592.8,170
1028,5554.7,2592.8,170
1029,5577.3,2548.3,170
1030,5577.3,2548.3,170
1031,5579.3,5499.2,62
1032,5579.3,5499.2,62
1033,5591.6,5568.8,62
1034,5591.6,5568.8,62
1035,5591.7,3418,97
1036,5591.7,3418,97
1037,5599.5,5862.4,53
1038,5599.5,5862.4,53
1039,5602.4,3466.8,97
1040,5602.4,3466.8,97
1041,5608.6,5911.6,53
1042,5608.6,5911.6,53
1043,5611,4328.4,74
1044,5611,4328.4,74
1045,5620.1,7841.7,48
1046,5620.1,7841.7,48
1047,5620.2,5527.8,62
1048,5620.2,5527.8,62
1049,5627.2,7891.2,48
1050,5627.2,7891.2,48
1051,5631.1,4282.6,74
1052,5631.1,4282.6,74
1053,5648.7,5853.4,53
1054,5648.7,5853.4,53
1055,5655.5,6264.8,127
1056,5655.5,6264.8,127
1057,5656.8,4348.5,74
1058,5656.8,4348.5,74
1059,5657.8,5902.5,53
1060,5657.8,5902.5,53
1061,5660.4,1228.7,229
1062,5660.4,1228.7,229
1063,5669.5,7834.5,48
1064,5669.5,7834.5,48
1065,5674.5,1180.7,229
1066,5674.5,1180.7,229
1067,5676.7,7884,48
1068,5676.7,7884,48
1069,5676.9,4302.7,74
1070,5676.9,4302.7,74
1071,5688.2,6227,127
1072,5688.2,6227,127
1073,5693.3,6297.6,127
1074,5693.3,6297.6,127
1075,5708.4,1242.8,229
1076,5708.4,1242.8,229
1077,5722.5,1194.9,229
1078,5722.5,1194.9,229
1079,5726,6259.8,127
1080,5726,6259.8,127
1081,5745,1129.3,149
1082,5745,1129.3,149
1083,5762,4747.8,72
1084,5762,4747.8,72
1085,5770.3,1172.4,149
1086,5770.3,1172.4,149
1087,5777.3,4795.4,72
1088,5777.3,4795.4,72
1089,5783.8,9526.9,106
1090,5783.8,9526.9,106
1091,5788.1,1104,149
1092,5788.1,1104,149
1093,5800.2,9479.6,106
1094,5800.2,9479.6,106
1095,5809.6,4732.5,72
1096,5809.6,4732.5,72
1097,5813.4,1147.1,149
1098,5813.4,1147.1,149
1099,5824.9,4780.1,72
1100,5824.9,4780.1,72
1101,5831.1,9543.2,106
1102,5831.1,9543.2,106
1103,5833.4,9631.4,40
1104,5833.4,9631.4,40
1105,5847.4,9496,106
1106,5847.4,9496,106
1107,5857.1,9675.4,40
1108,5857.1,9675.4,40
1109,5877.5,9607.7,40
1110,5877.5,9607.7,40
1111,5901.2,9651.7,40
1112,5901.2,9651.7,40
1113,5902.3,6524.9,41
1114,5902.3,6524.9,41
1115,5928.2,6567.7,41
1116,5928.2,6567.7,41
1117,5945.1,6499,41
1118,5945.1,6499,41
1119,5948.9,413.86,66
1120,5948.9,413.86,66
1121,5971,6541.8,41
1122,5971,6541.8,41
1123,5977.4,372.71,66
1124,5977.4,372.71,66
1125,5990.1,442.27,66
1126,5990.1,442.27,66
1127,6000,7831.8,216
1128,6000,7831.8,216
1129,6005.4,7792.7,176
1130,6005.4,7792.7,176
1131,6005.9,9424.1,119
1132,6005.9,9424.1,119
1133,6018.5,401.12,66
1134,6018.5,401.12,66
1135,6027.3,7873.7,216
1136,6027.3,7873.7,216
1137,6031.8,7835.1,176
1138,6031.8,7835.1,176
1139,6032.9,9466.2,119
1140,6032.9,9466.2,119
1141,6041.9,7804.5,216
1142,6041.9,7804.5,216
1143,6047.8,7766.2,176
1144,6047.8,7766.2,176
1145,6048,9397.1,119
1146,6048,9397.1,119
1147,6069.2,7846.4,216
1148,6069.2,7846.4,216
1149,6074.3,7808.7,176
1150,6074.3,7808.7,176
1151,6075,9439.2,119
1152,6075,9439.2,119
1153,6247.5,4607.2,233
1154,6247.5,4607.2,233
1155,6247.9,4557.2,233
1156,6247.9,4557.2,233
1157,6274,7801.3,93
1158,6274,7801.3,93
1159,6279.5,7751.6,93
1160,6279.5,7751.6,93
1161,6297.5,4607.6,233
1162,6297.5,4607.6,233
1163,6297.9,4557.6,233
1164,6297.9,4557.6,233
1165,6318.8,1056.5,132
1166,6318.8,1056.5,132
1167,6319.6,5304.3,19
1168,6319.6,5304.3,19
1169,6323.1,1106.3,132
1170,6323.1,1106.3,132
1171,6323.7,7806.7,93
1172,6323.7,7806.7,93
1173,6329.2,7757,93
1174,6329.2,7757,93
1175,6344.2,5260.7,19
1176,6344.2,5260.7,19
1177,6363.2,5328.9,19
1178,6363.2,5328.9,19
1179,6368.1,6748.3,39
1180,6368.1,6748.3,39
1181,6368.6,1052.2,132
1182,6368.6,1052.2,132
1183,6372.9,1102,132
1184,6372.9,1102,132
1185,6383.7,1349.3,70
1186,6383.7,1349.3,70
1187,6384.2,6700.9,39
1188,6384.2,6700.9,39
1189,6387.8,5285.3,19
1190,6387.8,5285.3,19
1191,6394.8,1398,70
1192,6394.8,1398,70
1193,6413.2,6873,49
1194,6413.2,6873,49
1195,6415.4,6764.4,39
1196,6415.4,6764.4,39
1197,6431.5,6717,39
1198,6431.5,6717,39
1199,6432.5,1338.2,70
1200,6432.5,1338.2,70
1201,6432.9,6919,49
1202,6432.9,6919,49
1203,6443.6,1386.9,70
1204,6443.6,1386.9,70
1205,6459.2,6853.4,49
1206,6459.2,6853.4,49
1207,6466.6,9843.1,113
1208,6466.6,9843.1,113
1209,6471.5,5724.6,245
1210,6471.5,5724.6,245
1211,6478.9,6899.4,49
1212,6478.9,6899.4,49
1213,6486.8,5772.3,245
1214,6486.8,5772.3,245
1215,6497.4,9882.5,113
1216,6497.4,9882.5,113
1217,6505.9,9812.3,113
1218,6505.9,9812.3,113
1219,6519.2,5709.4,245
1220,6519.2,5709.4,245
1221,6524.2,6133.1,105
1222,6524.2,6133.1,105
1223,6528.3,6083.3,105
1224,6528.3,6083.3,105
1225,6534.4,5757,245
1226,6534.4,5757,245
1227,6536.8,9851.6,113
1228,6536.8,9851.6,113
1229,6574.1,6137.2,105
1230,6574.1,6137.2,105
1231,6578.1,6087.3,105
1232,6578.1,6087.3,105
1233,6596.1,2506.8,190
1234,6596.1,2506.8,190
1235,6625.9,2466.6,190
1236,6625.9,2466.6,190
1237,6636.3,2536.5,190
1238,6636.3,2536.5,190
1239,6649.8,5149.6,28
1240,6649.8,5149.6,28
1241,6666.1,2496.3,190
1242,6666.1,2496.3,190
1243,6680.1,5109.8,28
1244,6680.1,5109.8,28
1245,6686.6,4307.1,11
1246,6686.6,4307.1,11
1247,6689.6,5179.8,28
1248,6689.6,5179.8,28
1249,6718.8,4345.4,11
1250,6718.8,4345.4,11
1251,6719.9,5140.1,28
1252,6719.9,5140.1,28
1253,6724.9,4274.9,11
1254,6724.9,4274.9,11
1255,6757.1,4313.2,11
1256,6757.1,4313.2,11
1257,6803.6,3981.9,29
1258,6803.6,3981.9,29
1259,6811.1,4031.3,29
1260,6811.1,4031.3,29
1261,6853,3974.4,29
1262,6853,3974.4,29
1263,6860.5,4023.8,29
1264,6860.5,4023.8,29
1265,6865.5,4059.5,157
1266,6865.5,4059.5,157
1267,6873.3,7713.7,84
1268,6873.3,7713.7,84
1269,6882.4,7762.9,84
1270,6882.4,7762.9,84
1271,6892.3,4101.8,157
1272,6892.3,4101.8,157
1273,6907.8,4032.8,157
1274,6907.8,4032.8,157
1275,6921.9,3012.6,55
1276,6921.9,3012.6,55
1277,6922.5,7704.6,84
1278,6922.5,7704.6,84
1279,6931.6,7753.8,84
1280,6931.6,7753.8,84
1281,6934.5,4075,157
1282,6934.5,4075,157
1283,6950,3053.9,55
1284,6950,3053.9,55
1285,6963.2,2984.5,55
1286,6963.2,2984.5,55
1287,6968.6,8501.9,201
1288,6968.6,8501.9,201
1289,6974.1,77.23,92
1290,6974.1,77.23,92
1291,6979,27.472,92
1292,6979,27.472,92
1293,6991.3,3025.8,55
1294,6991.3,3025.8,55
1295,6999.2,8462.4,201
1296,6999.2,8462.4,201
1297,7008.2,8532.5,201
1298,7008.2,8532.5,201
1299,7023.9,82.138,92
1300,7023.9,82.138,92
1301,7028.8,32.379,92
1302,7028.8,32.379,92
1303,7038.7,8492.9,201
1304,7038.7,8492.9,201
1305,7071.8,3745.5,31
1306,7071.8,3745.5,31
1307,7105.1,3708.2,31
1308,7105.1,3708.2,31
1309,7109.1,3778.8,31
1310,7109.1,3778.8,31
1311,7142.4,3741.5,31
1312,7142.4,3741.5,31
1313,7144.7,6788.9,183
1314,7144.7,6788.9,183
1315,7148,6739,183
1316,7148,6739,183
1317,7155.9,810.79,134
1318,7155.9,810.79,134
1319,7159.2,1092,143
1320,7159.2,1092,143
1321,7172.7,1315,165
1322,7172.7,1315,165
1323,7173.3,763.89,134
1324,7173.3,763.89,134
1325,7177.3,1045.4,143
1326,7177.3,1045.4,143
1327,7184.9,1266.5,165
1328,7184.9,1266.5,165
1329,7194.6,6792.3,183
1330,7194.6,6792.3,183
1331,7197.9,6742.4,183
1332,7197.9,6742.4,183
1333,7202.8,828.13,134
1334,7202.8,828.13,134
1335,7205.9,1110.1,143
1336,7205.9,1110.1,143
1337,7220.2,781.24,134
1338,7220.2,781.24,134
1339,7221.2,1327.2,165
1340,7221.2,1327.2,165
1341,7221.8,8657.1,192
1342,7221.8,8657.1,192
1343,7223.9,1063.5,143
1344,7223.9,1063.5,143
1345,7233.4,1278.7,165
1346,7233.4,1278.7,165
1347,7247.8,8614.4,192
1348,7247.8,8614.4,192
1349,7249.4,5441,76
1350,7249.4,5441,76
1351,7254.1,5391.2,76
1352,7254.1,5391.2,76
1353,7264.6,8683.1,192
1354,7264.6,8683.1,192
1355,7272.5,6484.5,125
1356,7272.5,6484.5,125
1357,7290.5,8640.3,192
1358,7290.5,8640.3,192
1359,7294.1,6439.4,125
1360,7294.1,6439.4,125
1361,7299.2,5445.8,76
1362,7299.2,5445.8,76
1363,7303.9,5396,76
1364,7303.9,5396,76
1365,7317.5,6506.1,125
1366,7317.5,6506.1,125
1367,7321.8,4923.5,128
1368,7321.8,4923.5,128
1369,7338.3,4876.3,128
1370,7338.3,4876.3,128
1371,7339.2,6461,125
1372,7339.2,6461,125
1373,7369,4940,128
1374,7369,4940,128
1375,7383.2,1730.1,222
1376,7383.2,1730.1,222
1377,7385.5,4892.8,128
1378,7385.5,4892.8,128
1379,7385.8,1680.2,222
1380,7385.8,1680.2,222
1381,7387.1,182.31,241
1382,7387.1,182.31,241
1383,7387.8,3051.4,110
1384,7387.8,3051.4,110
1385,7393.7,231.87,241
1386,7393.7,231.87,241
1387,7407,3005.2,110
1388,7407,3005.2,110
1389,7433.1,1732.7,222
1390,7433.1,1732.7,222
1391,7434,3070.5,110
1392,7434,3070.5,110
1393,7435.7,1682.8,222
1394,7435.7,1682.8,222
1395,7436.6,175.67,241
1396,7436.6,175.67,241
1397,7440.6,5724,139
1398,7440.6,5724,139
1399,7443.3,225.23,241
1400,7443.3,225.23,241
1401,7449.8,594.79,60
1402,7449.8,594.79,60
1403,7453.2,3024.3,110
1404,7453.2,3024.3,110
1405,7453.8,644.64,60
1406,7453.8,644.64,60
1407,7462.6,5679.1,139
1408,7462.6,5679.1,139
1409,7485.4,5746.1,139
1410,7485.4,5746.1,139
1411,7494.4,1455.5,14
1412,7494.4,1455.5,14
1413,7499.7,590.85,60
1414,7499.7,590.85,60
1415,7503.6,640.7,60
1416,7503.6,640.7,60
1417,7507.5,5701.2,139
1418,7507.5,5701.2,139
1419,7513.6,1409.4,14
1420,7513.6,1409.4,14
1421,7514.7,6114.1,1
1422,7514.7,6114.1,1
1423,7537.4,6069.6,1
1424,7537.4,6069.6,1
1425,7540.5,1474.8,14
1426,7540.5,1474.8,14
1427,7556.1,503.5,85
1428,7556.1,503.5,85
1429,7559.1,553.41,85
1430,7559.1,553.41,85
1431,7559.2,6136.8,1
1432,7559.2,6136.8,1
1433,7559.8,1428.6,14
1434,7559.8,1428.6,14
1435,7581.9,6092.2,1
1436,7581.9,6092.2,1
1437,7589.2,924.1,90
1438,7589.2,924.1,90
1439,7602.1,2055.1,15
1440,7602.1,2055.1,15
1441,7606,500.49,85
1442,7606,500.49,85
1443,7609,550.4,85
1444,7609,550.4,85
1445,7621.7,962.09,90
1446,7621.7,962.09,90
1447,7625.1,2010.7,15
1448,7625.1,2010.7,15
1449,7627.2,891.6,90
1450,7627.2,891.6,90
1451,7646.4,2078.1,15
1452,7646.4,2078.1,15
1453,7659.7,929.59,90
1454,7659.7,929.59,90
1455,7669.5,2033.7,15
1456,7669.5,2033.7,15
1457,7694.7,4894.7,104
1458,7694.7,4894.7,104
1459,7729.4,4858.8,104
1460,7729.4,4858.8,104
1461,7730.6,4929.5,104
1462,7730.6,4929.5,104
1463,7743.4,2943.2,67
1464,7743.4,2943.2,67
1465,7765.4,4893.5,104
1466,7765.4,4893.5,104
1467,7768.5,2900,67
1468,7768.5,2900,67
1469,7786.6,2968.4,67
1470,7786.6,2968.4,67
1471,7790.1,2609.7,228
1472,7790.1,2609.7,228
1473,7811.7,2925.2,67
1474,7811.7,2925.2,67
1475,7816.9,2567.5,228
1476,7816.9,2567.5,228
1477,7828.6,1751.4,246
1478,7828.6,1751.4,246
1479,7830.2,1701.4,246
1480,7830.2,1701.4,246
1481,7832.3,2636.5,228
1482,7832.3,2636.5,228
1483,7832.8,7092,71
1484,7832.8,7092,71
1485,7834.3,906.75,242
1486,7834.3,906.75,242
1487,7840.5,857.13,242
1488,7840.5,857.13,242
1489,7841.9,7042.8,71
1490,7841.9,7042.8,71
1491,7859.1,2594.3,228
1492,7859.1,2594.3,228
1493,7871.4,589.09,227
1494,7871.4,589.09,227
1495,7878.5,1753.1,246
1496,7878.5,1753.1,246
1497,7880.2,1703.1,246
1498,7880.2,1703.1,246
1499,7882,7101.1,71
1500,7882,7101.1,71
1501,7883.9,912.93,242
1502,7883.9,912.93,242
1503,7886.9,636.63,227
1504,7886.9,636.63,227
1505,7890.1,863.31,242
1506,7890.1,863.31,242
1507,7891.1,7051.9,71
1508,7891.1,7051.9,71
1509,7911.4,4533.9,68
1510,7911.4,4533.9,68
1511,7915.5,4484.1,68
1512,7915.5,4484.1,68
1513,7918.9,573.6,227
1514,7918.9,573.6,227
1515,7934.4,621.14,227
1516,7934.4,621.14,227
1517,7940.1,323.36,112
1518,7940.1,323.36,112
1519,7961.3,4538,68
1520,7961.3,4538,68
1521,7963.8,279.32,112
1522,7963.8,279.32,112
1523,7965.3,4488.1,68
1524,7965.3,4488.1,68
1525,7974.4,6016.9,234
1526,7974.4,6016.9,234
1527,7984.2,347.04,112
1528,7984.2,347.04,112
1529,7997.7,6061.2,234
1530,7997.7,6061.2,234
1531,8007.8,303,112
1532,8007.8,303,112
1533,8018.7,5993.7,234
1534,8018.7,5993.7,234
1535,8022.3,2935.3,212
1536,8022.3,2935.3,212
1537,8022.6,1359.4,135
1538,8022.6,1359.4,135
1539,8025.2,1309.5,135
1540,8025.2,1309.5,135
1541,8035.5,2887.1,212
1542,8035.5,2887.1,212
1543,8041.9,6038,234
1544,8041.9,6038,234
1545,8049.9,8880.1,218
1546,8049.9,8880.1,218
1547,8057.6,3602.1,181
1548,8057.6,3602.1,181
1549,8058.7,3652,181
1550,8058.7,3652,181
1551,8070.5,2948.6,212
1552,8070.5,2948.6,212
1553,8071.8,2571,244
1554,8071.8,2571,244
1555,8072.5,1362,135
1556,8072.5,1362,135
1557,8074.5,8836.6,218
1558,8074.5,8836.6,218
1559,8075.1,1312.1,135
1560,8075.1,1312.1,135
1561,8083.8,2900.3,212
1562,8083.8,2900.3,212
1563,8087.5,2618.5,244
1564,8087.5,2618.5,244
1565,8090.8,7099.5,138
1566,8090.8,7099.5,138
1567,8093.5,8904.7,218
1568,8093.5,8904.7,218
1569,8107.6,3601,181
1570,8107.6,3601,181
1571,8108.7,3651,181
1572,8108.7,3651,181
1573,8114.4,7055.5,138
1574,8114.4,7055.5,138
1575,8118.1,8861.2,218
1576,8118.1,8861.2,218
1577,8119.2,2555.3,244
1578,8119.2,2555.3,244
1579,8130.2,1800.9,4
1580,8130.2,1800.9,4
1581,8134.8,7123.2,138
1582,8134.8,7123.2,138
1583,8135,2602.8,244
1584,8135,2602.8,244
1585,8139.2,6599.6,82
1586,8139.2,6599.6,82
1587,8139.4,1751.8,4
1588,8139.4,1751.8,4
1589,8152,6551.2,82
1590,8152,6551.2,82
1591,8158.5,7079.1,138
1592,8158.5,7079.1,138
1593,8179.4,1810,4
1594,8179.4,1810,4
1595,8187.6,6612.4,82
1596,8187.6,6612.4,82
1597,8188.5,1760.9,4
1598,8188.5,1760.9,4
1599,8200.4,6564,82
1600,8200.4,6564,82
1601,8200.7,8445.6,78
1602,8200.7,8445.6,78
1603,8203.4,7274,59
1604,8203.4,7274,59
1605,8220.7,7227.1,59
1606,8220.7,7227.1,59
1607,8235.2,8409.4,78
1608,8235.2,8409.4,78
1609,8236.9,8480.1,78
1610,8236.9,8480.1,78
1611,8250.4,7291.3,59
1612,8250.4,7291.3,59
1613,8251.4,3356,219
1614,8251.4,3356,219
1615,8267.6,7244.4,59
1616,8267.6,7244.4,59
1617,8270.2,3309.7,219
1618,8270.2,3309.7,219
1619,8271.4,8443.9,78
1620,8271.4,8443.9,78
1621,8297.7,3374.8,219
1622,8297.7,3374.8,219
1623,8303.6,2796.8,42
1624,8303.6,2796.8,42
1625,8316.5,3328.5,219
1626,8316.5,3328.5,219
1627,8335.9,2758.6,42
1628,8335.9,2758.6,42
1629,8341.7,2829.1,42
1630,8341.7,2829.1,42
1631,8374,2790.9,42
1632,8374,2790.9,42
1633,8381.5,2711,65
1634,8381.5,2711,65
1635,8389.9,2760.3,65
1636,8389.9,2760.3,65
1637,8430.8,2702.6,65
1638,8430.8,2702.6,65
1639,8439.2,2751.9,65
1640,8439.2,2751.9,65
1641,8472.9,22.127,146
1642,8472.9,22.127,146
1643,8473.7,-27.866,146
1644,8473.7,-27.866,146
1645,8522.9,22.933,146
1646,8522.9,22.933,146
1647,8523.7,-27.06,146
1648,8523.7,-27.06,146
1649,8525.4,1158.2,89
1650,8525.4,1158.2,89
1651,8526.6,1208.2,89
1652,8526.6,1208.2,89
1653,8550,6958.3,10
1654,8550,6958.3,10
1655,8568.9,7004.6,10
1656,8568.9,7004.6,10
1657,8572.9,2208.4,95
1658,8572.9,2208.4,95
1659,8575.3,1156.9,89
1660,8575.3,1156.9,89
1661,8576.6,1206.9,89
1662,8576.6,1206.9,89
1663,8596.3,6939.4,10
1664,8596.3,6939.4,10
1665,8600.6,2250,95
1666,8600.6,2250,95
1667,8614.6,2180.7,95
1668,8614.6,2180.7,95
1669,8615.2,6985.6,10
1670,8615.2,6985.6,10
1671,8642.3,2222.3,95
1672,8642.3,2222.3,95
1673,8683.7,9125.1,6
1674,8683.7,9125.1,6
1675,8696.7,9173.4,6
1676,8696.7,9173.4,6
1677,8702.1,3630.1,81
1678,8702.1,3630.1,81
1679,8705.4,3580.2,81
1680,8705.4,3580.2,81
1681,8726,4708.8,86
1682,8726,4708.8,86
1683,8732,9112.2,6
1684,8732,9112.2,6
1685,8745,9160.4,6
1686,8745,9160.4,6
1687,8752,3633.4,81
1688,8752,3633.4,81
1689,8754.7,4667.9,86
1690,8754.7,4667.9,86
1691,8755.3,3583.5,81
1692,8755.3,3583.5,81
1693,8766.9,4737.5,86
1694,8766.9,4737.5,86
1695,8784.1,442.94,109
1696,8784.1,442.94,109
1697,8795.6,4696.6,86
1698,8795.6,4696.6,86
1699,8797.9,709.12,126
1700,8797.9,709.12,126
1701,8811.1,557.64,150
1702,8811.1,557.64,150
1703,8812.5,661.28,126
1704,8812.5,661.28,126
1705,8817.9,406.07,109
1706,8817.9,406.07,109
1707,8821,476.72,109
1708,8821,476.72,109
1709,8831.7,603.19,150
1710,8831.7,603.19,150
1711,8845.8,723.66,126
1712,8845.8,723.66,126
1713,8854.7,439.85,109
1714,8854.7,439.85,109
1715,8856.7,537.03,150
1716,8856.7,537.03,150
1717,8860.3,675.82,126
1718,8860.3,675.82,126
1719,8877.3,582.59,150
1720,8877.3,582.59,150
1721,8890.2,1844.2,237
1722,8890.2,1844.2,237
1723,8892.6,2903.7,200
1724,8892.6,2903.7,200
1725,8897.7,1893.7,237
1726,8897.7,1893.7,237
1727,8922,6503.2,223
1728,8922,6503.2,223
1729,8922.7,2863.7,200
1730,8922.7,2863.7,200
1731,8926.2,6453.4,223
1732,8926.2,6453.4,223
1733,8932.5,2933.7,200
1734,8932.5,2933.7,200
1735,8939.7,1836.8,237
1736,8939.7,1836.8,237
1737,8947.1,1886.2,237
1738,8947.1,1886.2,237
1739,8962.6,2893.8,200
1740,8962.6,2893.8,200
1741,8971.8,6507.4,223
1742,8971.8,6507.4,223
1743,8974.5,8112.8,159
1744,8974.5,8112.8,159
1745,8976,6457.6,223
1746,8976,6457.6,223
1747,8985.3,3785.4,151
1748,8985.3,3785.4,151
1749,8995.9,8067.6,159
1750,8995.9,8067.6,159
1751,8999.6,2820.2,103
1752,8999.6,2820.2,103
1753,9007.5,2869.6,103
1754,9007.5,2869.6,103
1755,9015.1,3745.2,151
1756,9015.1,3745.2,151
1757,9019.7,8134.2,159
1758,9019.7,8134.2,159
1759,9025.5,3815.1,151
1760,9025.5,3815.1,151
1761,9041.1,8089,159
1762,9041.1,8089,159
1763,9048.9,2812.3,103
1764,9048.9,2812.3,103
1765,9054.9,6333.6,188
1766,9054.9,6333.6,188
1767,9055.3,3774.9,151
1768,9055.3,3774.9,151
1769,9056.8,2861.7,103
1770,9056.8,2861.7,103
1771,9070.8,6286.2,188
1772,9070.8,6286.2,188
1773,9096.3,7765.7,57
1774,9096.3,7765.7,57
1775,9102.3,6349.6,188
1776,9102.3,6349.6,188
1777,9118.2,6302.2,188
1778,9118.2,6302.2,188
1779,9126.6,6287.4,8
1780,9126.6,6287.4,8
1781,9127.7,7726.8,57
1782,9127.7,7726.8,57
1783,9134.6,2589.5,173
1784,9134.6,2589.5,173
1785,9135.3,7797.1,57
1786,9135.3,7797.1,57
1787,9139,2539.7,173
1788,9139,2539.7,173
1789,9144.5,6334.1,8
1790,9144.5,6334.1,8
1791,9166.6,7758.1,57
1792,9166.6,7758.1,57
1793,9173.3,6269.5,8
1794,9173.3,6269.5,8
1795,9184.4,2593.9,173
1796,9184.4,2593.9,173
1797,9188.8,2544.1,173
1798,9188.8,2544.1,173
1799,9191.2,6316.2,8
1800,9191.2,6316.2,8
1801,9257.5,6220.9,180
1802,9257.5,6220.9,180
1803,9280.3,6265.4,180
1804,9280.3,6265.4,180
1805,9301.9,6198,180
1806,9301.9,6198,180
1807,9316.2,3637.3,249
1808,9316.2,3637.3,249
1809,9324.8,6242.5,180
1810,9324.8,6242.5,180
1811,9328.8,5634.2,50
1812,9328.8,5634.2,50
1813,9338.2,3592.4,249
1814,9338.2,3592.4,249
1815,9341.7,5682.5,50
1816,9341.7,5682.5,50
1817,9350.2,1661.5,174
1818,9350.2,1661.5,174
1819,9357.4,1711,174
1820,9357.4,1711,174
1821,9361.1,3659.3,249
1822,9361.1,3659.3,249
1823,9377.1,5621.4,50
1824,9377.1,5621.4,50
1825,9383.1,3614.4,249
1826,9383.1,3614.4,249
1827,9390,5669.7,50
1828,9390,5669.7,50
1829,9398.8,2520.6,206
1830,9398.8,2520.6,206
1831,9398.8,2570.6,206
1832,9398.8,2570.6,206
1833,9399.7,1654.3,174
1834,9399.7,1654.3,174
1835,9403.6,9753.9,197
1836,9403.6,9753.9,197
1837,9406.9,1703.8,174
1838,9406.9,1703.8,174
1839,9436.8,9791.3,197
1840,9436.8,9791.3,197
1841,9441,9720.7,197
1842,9441,9720.7,197
1843,9441.2,6446.8,54
1844,9441.2,6446.8,54
1845,9443.1,6396.9,54
1846,9443.1,6396.9,54
1847,9448.8,2520.6,206
1848,9448.8,2520.6,206
1849,9448.8,2570.6,206
1850,9448.8,2570.6,206
1851,9474,8877.8,111
1852,9474,8877.8,111
1853,9474.2,9758.1,197
1854,9474.2,9758.1,197
1855,9491.1,6448.7,54
1856,9491.1,6448.7,54
1857,9493,6398.8,54
1858,9493,6398.8,54
1859,9495.1,8923.1,111
1860,9495.1,8923.1,111
1861,9499.4,8547.3,193
1862,9499.4,8547.3,193
1863,9518,8593.7,193
1864,9518,8593.7,193
1865,9519.3,8856.7,111
1866,9519.3,8856.7,111
1867,9540.4,8902,111
1868,9540.4,8902,111
1869,9545.7,8528.6,193
1870,9545.7,8528.6,193
1871,9559.6,8249.2,211
1872,9559.6,8249.2,211
1873,9564.4,8575,193
1874,9564.4,8575,193
1875,9574.7,8201.6,211
1876,9574.7,8201.6,211
1877,9607.2,8264.4,211
1878,9607.2,8264.4,211
1879,9610.6,9544,205
1880,9610.6,9544,205
1881,9622.4,8216.7,211
1882,9622.4,8216.7,211
1883,9631.2,562.87,5
1884,9631.2,562.87,5
1885,9643.1,9582,205
1886,9643.1,9582,205
1887,9648.7,9511.5,205
1888,9648.7,9511.5,205
1889,9659.7,603.93,5
1890,9659.7,603.93,5
1891,9672.3,534.34,5
1892,9672.3,534.34,5
1893,9681.1,9549.6,205
1894,9681.1,9549.6,205
1895,9681.4,4180.3,16
1896,9681.4,4180.3,16
1897,9685.3,1977.9,166
1898,9685.3,1977.9,166
1899,9692.1,2027.4,166
1900,9692.1,2027.4,166
1901,9697.9,4133.1,16
1902,9697.9,4133.1,16
1903,9698.3,5515.3,168
1904,9698.3,5515.3,168
1905,9700.8,575.4,5
1906,9700.8,575.4,5
1907,9707.5,3570.4,94
1908,9707.5,3570.4,94
1909,9708,5466.3,168
1910,9708,5466.3,168
1911,9728.1,3615.9,94
1912,9728.1,3615.9,94
1913,9728.6,4196.8,16
1914,9728.6,4196.8,16
1915,9734.9,1971.2,166
1916,9734.9,1971.2,166
1917,9741.6,2020.7,166
1918,9741.6,2020.7,166
1919,9745.1,4149.6,16
1920,9745.1,4149.6,16
1921,9747.4,5525,168
1922,9747.4,5525,168
1923,9752.9,7743.2,203
1924,9752.9,7743.2,203
1925,9753.1,3549.8,94
1926,9753.1,3549.8,94
1927,9757.1,5476,168
1928,9757.1,5476,168
1929,9773.7,3595.4,94
1930,9773.7,3595.4,94
1931,9777.7,7786.6,203
1932,9777.7,7786.6,203
1933,9785.3,1222.8,177
1934,9785.3,1222.8,177
1935,9796.3,7718.4,203
1936,9796.3,7718.4,203
1937,9799.1,1270.9,177
1938,9799.1,1270.9,177
1939,9821.1,7761.8,203
1940,9821.1,7761.8,203
1941,9833.4,1209,177
1942,9833.4,1209,177
1943,9847.2,1257.1,177
1944,9847.2,1257.1,177
1945,9865.5,7512.1,236
1946,9865.5,7512.1,236
1947,9881.7,7559.5,236
1948,9881.7,7559.5,236
1949,9901.2,704.06,140
1950,9901.2,704.06,140
1951,9908.7,1015.2,56
1952,9908.7,1015.2,56
1953,9912.4,965.31,56
1954,9912.4,965.31,56
1955,9912.8,7496,236
1956,9912.8,7496,236
1957,9929,7543.3,236
1958,9929,7543.3,236
1959,9934.5,666.8,140
1960,9934.5,666.8,140
1961,9938.5,737.4,140
1962,9938.5,737.4,140
1963,9945.5,4355.2,108
1964,9945.5,4355.2,108
1965,9947.5,9439.6,154
1966,9947.5,9439.6,154
1967,9958.6,1018.8,56
1968,9958.6,1018.8,56
1969,9962.2,968.96,56
1970,9962.2,968.96,56
1971,9971.8,700.14,140
1972,9971.8,700.14,140
1973,9976.3,9480.5,154
1974,9976.3,9480.5,154
1975,9980.2,4319.2,108
1976,9980.2,4319.2,108
1977,9981.5,4389.9,108
1978,9981.5,4389.9,108
1979,9988.4,9410.8,154
1980,9988.4,9410.8,154
1981,10016,4353.9,108
1982,10016,4353.9,108
1983,10017,9451.6,154
1984,10017,9451.6,154
1985,10038,9916.1,9
1986,10038,9916.1,9
1987,10044,9866.4,9
1988,10044,9866.4,9
1989,10047,6122.7,167
1990,10047,6122.7,167
1991,10047,6172.7,167
1992,10047,6172.7,167
1993,10088,9921.9,9
1994,10088,9921.9,9
1995,10094,9872.3,9
1996,10094,9872.3,9
1997,10097,6122.2,167
1998,10097,6122.2,167
1999,10097,6172.2,167
2000,10097,6172.2,167
